frame,vector
0,"[[0.5160951614379883, 0.4696890711784363, -0.033075328916311264], [0.4702388644218445, 0.34367772936820984, -0.022839410230517387], [0.41723817586898804, 0.309518426656723, -0.04059791937470436], [0.3801141679286957, 0.32262519001960754, -0.061372850090265274], [0.32673439383506775, 0.38815513253211975, -0.06804724782705307]]"
1,"[[0.5182006359100342, 0.47337836027145386, -0.032276857644319534], [0.47281938791275024, 0.3427373766899109, -0.021900884807109833], [0.42381736636161804, 0.3059464693069458, -0.03674706816673279], [0.3814423978328705, 0.3224652409553528, -0.05398021265864372], [0.33035558462142944, 0.3873152732849121, -0.06021621450781822]]"
2,"[[0.5242246389389038, 0.4726411700248718, -0.03226744383573532], [0.4753522276878357, 0.3438951373100281, -0.023175563663244247], [0.4279334247112274, 0.3069474399089813, -0.03937724605202675], [0.3833298087120056, 0.3229452073574066, -0.05719287693500519], [0.3329722583293915, 0.38609135150909424, -0.0640658289194107]]"
3,"[[0.5230935215950012, 0.4730736017227173, -0.033522769808769226], [0.47526127099990845, 0.3443915843963623, -0.02229337766766548], [0.4272439479827881, 0.3092067241668701, -0.0367896743118763], [0.3836759924888611, 0.3245135545730591, -0.05402916297316551], [0.3322180211544037, 0.38828766345977783, -0.05992445349693298]]"
4,"[[0.5240602493286133, 0.4756896197795868, -0.03392017260193825], [0.477918803691864, 0.344840407371521, -0.024682853370904922], [0.4286893606185913, 0.30849891901016235, -0.03918830677866936], [0.38449275493621826, 0.3242352306842804, -0.056685272604227066], [0.3332175314426422, 0.38974666595458984, -0.06283075362443924]]"
5,"[[0.5244607925415039, 0.47572487592697144, -0.03066418133676052], [0.4780869483947754, 0.3435153663158417, -0.0209965817630291], [0.4282812476158142, 0.31041061878204346, -0.03562820330262184], [0.3851582705974579, 0.32485342025756836, -0.05393417552113533], [0.33318960666656494, 0.3884578347206116, -0.060962654650211334]]"
6,"[[0.5263366103172302, 0.47428205609321594, -0.03403982147574425], [0.47913333773612976, 0.34201234579086304, -0.027602452784776688], [0.4299813508987427, 0.30660855770111084, -0.042587488889694214], [0.3844000995159149, 0.32178136706352234, -0.0608324259519577], [0.3331409692764282, 0.3895578384399414, -0.06694144010543823]]"
7,"[[0.5266410112380981, 0.4775926470756531, -0.03719368577003479], [0.47782206535339355, 0.34399741888046265, -0.027357913553714752], [0.4307648539543152, 0.31076353788375854, -0.04119573533535004], [0.38495934009552, 0.32391250133514404, -0.05973871424794197], [0.3328476548194885, 0.3897761106491089, -0.06629795581102371]]"
8,"[[0.5238967537879944, 0.47527840733528137, -0.03593701496720314], [0.476015567779541, 0.3396868407726288, -0.024638932198286057], [0.425403356552124, 0.3090073764324188, -0.0371844582259655], [0.3836398124694824, 0.32429641485214233, -0.05508160963654518], [0.33020082116127014, 0.39037221670150757, -0.06079336255788803]]"
9,"[[0.5270178318023682, 0.47648125886917114, -0.03450557217001915], [0.47923198342323303, 0.34225916862487793, -0.025355761870741844], [0.4323265552520752, 0.30919215083122253, -0.03889646753668785], [0.3861124515533447, 0.3216872215270996, -0.057734906673431396], [0.33351612091064453, 0.39032965898513794, -0.06331165879964828]]"
10,"[[0.5264579653739929, 0.4760092794895172, -0.037701331079006195], [0.47840383648872375, 0.3410721719264984, -0.028059283271431923], [0.4298914670944214, 0.3073180019855499, -0.04134783893823624], [0.38493579626083374, 0.3215925991535187, -0.05977645143866539], [0.33223432302474976, 0.3901705741882324, -0.06519220769405365]]"
11,"[[0.5287609100341797, 0.4762902855873108, -0.03972747549414635], [0.48049962520599365, 0.3409315347671509, -0.03180062025785446], [0.43201112747192383, 0.30877771973609924, -0.0449046716094017], [0.38620617985725403, 0.3219474256038666, -0.06361667811870575], [0.3340947926044464, 0.39028388261795044, -0.06910906732082367]]"
12,"[[0.5286054611206055, 0.47798779606819153, -0.030998293310403824], [0.4798804819583893, 0.34126463532447815, -0.018825741484761238], [0.43239834904670715, 0.30891096591949463, -0.03214084729552269], [0.38650959730148315, 0.3215465545654297, -0.0519232451915741], [0.33323967456817627, 0.3910512626171112, -0.05796373263001442]]"
13,"[[0.5283989906311035, 0.47693270444869995, -0.03596723824739456], [0.4810732305049896, 0.34085768461227417, -0.028023824095726013], [0.43281760811805725, 0.30837199091911316, -0.04167256876826286], [0.3866731822490692, 0.32178953289985657, -0.0609419122338295], [0.33402326703071594, 0.3904760479927063, -0.06696145981550217]]"
14,"[[0.5301437973976135, 0.4777378737926483, -0.04299550503492355], [0.48264122009277344, 0.34118780493736267, -0.03175116702914238], [0.4343300759792328, 0.30977773666381836, -0.04306020960211754], [0.38853657245635986, 0.32219797372817993, -0.06081325560808182], [0.333945095539093, 0.39069703221321106, -0.06542150676250458]]"
15,"[[0.5068172216415405, 0.4673134684562683, -0.061474476009607315], [0.4843471348285675, 0.551314651966095, -0.007210968993604183], [0.45257309079170227, 0.5641005635261536, -0.047023892402648926], [0.4194340109825134, 0.5729700326919556, -0.05470641329884529], [0.39149758219718933, 0.574052631855011, -0.06113440543413162]]"
16,"[[0.4950023889541626, 0.4830596446990967, -0.03467763960361481], [0.4776231646537781, 0.5754368901252747, -0.0015907621709629893], [0.44777190685272217, 0.587623655796051, -0.022684656083583832], [0.4217074513435364, 0.6067950129508972, -0.031303565949201584], [0.394739031791687, 0.6143946647644043, -0.040606789290905]]"
17,"[[0.4963698089122772, 0.48432448506355286, -0.03694818541407585], [0.47574296593666077, 0.5717488527297974, -0.004362423904240131], [0.4455164074897766, 0.5851317644119263, -0.023074088618159294], [0.4199841320514679, 0.6063843369483948, -0.03108469396829605], [0.3931610584259033, 0.6154485940933228, -0.04030471667647362]]"
18,"[[0.4966210722923279, 0.48074617981910706, -0.03862374275922775], [0.476870059967041, 0.5725358128547668, -0.0038924990221858025], [0.4467906653881073, 0.5858102440834045, -0.023691147565841675], [0.4212954044342041, 0.6068487167358398, -0.03185594081878662], [0.3942496180534363, 0.6153556704521179, -0.04123830422759056]]"
19,"[[0.49844661355018616, 0.4571571350097656, -0.04560444876551628], [0.48331695795059204, 0.56104975938797, -0.007725420407950878], [0.447396457195282, 0.5933666229248047, -0.033401113003492355], [0.419472336769104, 0.6108137965202332, -0.03772492706775665], [0.39315876364707947, 0.6150182485580444, -0.04404996335506439]]"
20,"[[0.523434042930603, 0.4729132056236267, -0.07215685397386551], [0.48291611671447754, 0.45013219118118286, -0.03789842128753662], [0.4468333423137665, 0.4025326371192932, -0.07477066665887833], [0.41246259212493896, 0.40593498945236206, -0.09257807582616806], [0.36891525983810425, 0.4318680465221405, -0.09221690893173218]]"
21,"[[0.5271449089050293, 0.5051368474960327, -0.056652478873729706], [0.4809950888156891, 0.45527875423431396, -0.038685671985149384], [0.4484912157058716, 0.4148976504802704, -0.06137971580028534], [0.4146175980567932, 0.39502429962158203, -0.07578032463788986], [0.37415212392807007, 0.4155876636505127, -0.07740963250398636]]"
22,"[[0.49355700612068176, 0.437825083732605, -0.04640503600239754], [0.4230831563472748, 0.5328165888786316, -0.00919642485678196], [0.3976350426673889, 0.5343252420425415, -0.04078977555036545], [0.37249335646629333, 0.53093022108078, -0.04082658886909485], [0.3522752523422241, 0.509342610836029, -0.035646289587020874]]"
23,"[[0.47648632526397705, 0.41316738724708557, -0.048907868564128876], [0.40872493386268616, 0.5108007192611694, -0.023479493334889412], [0.38508960604667664, 0.5208213329315186, -0.04944843798875809], [0.36506378650665283, 0.5200113654136658, -0.04830794408917427], [0.3465167284011841, 0.4969630837440491, -0.04391457512974739]]"
24,"[[0.4730560779571533, 0.40561211109161377, -0.047725383192300797], [0.41091519594192505, 0.5002284049987793, -0.023097846657037735], [0.3885148763656616, 0.509525716304779, -0.04856650531291962], [0.368768572807312, 0.5095160603523254, -0.04511507228016853], [0.3512013554573059, 0.4836108684539795, -0.040926869958639145]]"
25,"[[0.4684623181819916, 0.3983701467514038, -0.048712123185396194], [0.41022205352783203, 0.4923747777938843, -0.02438739500939846], [0.3893702030181885, 0.5020763278007507, -0.04734249413013458], [0.3707318902015686, 0.5028138756752014, -0.044443923979997635], [0.3534485399723053, 0.4794212281703949, -0.0398758240044117]]"
26,"[[0.46546125411987305, 0.3951800465583801, -0.04612916335463524], [0.4069974720478058, 0.4923292398452759, -0.021963628008961678], [0.38589707016944885, 0.5015875697135925, -0.04518815502524376], [0.36809608340263367, 0.5019299983978271, -0.042837269604206085], [0.35031598806381226, 0.47856369614601135, -0.038496747612953186]]"
27,"[[0.4635629653930664, 0.39947789907455444, -0.045146919786930084], [0.408535361289978, 0.49866312742233276, -0.022135887295007706], [0.3860750198364258, 0.5092638731002808, -0.04586968198418617], [0.3676527142524719, 0.5101544260978699, -0.04421386867761612], [0.3494425415992737, 0.4913119375705719, -0.04011804610490799]]"
28,"[[0.4613809287548065, 0.4029586613178253, -0.04476333037018776], [0.40887242555618286, 0.5037100315093994, -0.0219192486256361], [0.3859555721282959, 0.5151911973953247, -0.047109950333833694], [0.3668922483921051, 0.5179404020309448, -0.044798843562603], [0.3483678996562958, 0.4963440001010895, -0.04106862097978592]]"
29,"[[0.46100932359695435, 0.40409934520721436, -0.04347413033246994], [0.40970858931541443, 0.5056853890419006, -0.019960835576057434], [0.3864850699901581, 0.5168458819389343, -0.04621318727731705], [0.367570161819458, 0.5205053091049194, -0.043783869594335556], [0.349174439907074, 0.4994349181652069, -0.039834655821323395]]"
30,"[[0.4607997238636017, 0.4077926576137543, -0.04657481610774994], [0.41287028789520264, 0.49169257283210754, -0.01233301404863596], [0.3905932903289795, 0.5029666423797607, -0.03723781555891037], [0.36872875690460205, 0.5040762424468994, -0.03817921131849289], [0.3480733633041382, 0.48779720067977905, -0.03539662063121796]]"
31,"[[0.42485010623931885, 0.4386010766029358, -0.06797491014003754], [0.43493330478668213, 0.2817648649215698, -0.06704114377498627], [0.40830305218696594, 0.25400397181510925, -0.06810037791728973], [0.37851178646087646, 0.26531490683555603, -0.07736571878194809], [0.3356344997882843, 0.31297263503074646, -0.07577138394117355]]"
32,"[[0.4189690053462982, 0.43900275230407715, -0.046820227056741714], [0.44793573021888733, 0.29406407475471497, -0.03808792307972908], [0.42516010999679565, 0.26040899753570557, -0.041817497462034225], [0.39976102113723755, 0.27287858724594116, -0.056157708168029785], [0.3663012385368347, 0.3216317892074585, -0.05755819380283356]]"
33,"[[0.4187913239002228, 0.449213445186615, -0.05284467712044716], [0.452058881521225, 0.30609387159347534, -0.04693251848220825], [0.42913275957107544, 0.2679252624511719, -0.051164187490940094], [0.40316733717918396, 0.2821109890937805, -0.06418321281671524], [0.3748851418495178, 0.32878577709198, -0.06706155091524124]]"
34,"[[0.4171106815338135, 0.4471786618232727, -0.04992736876010895], [0.45025357604026794, 0.30314624309539795, -0.04345298931002617], [0.4267033040523529, 0.26627641916275024, -0.04824388772249222], [0.40093913674354553, 0.2828686237335205, -0.06099220737814903], [0.3719804883003235, 0.32801514863967896, -0.06450020521879196]]"
35,"[[0.40747737884521484, 0.4433252811431885, -0.04577954113483429], [0.44157540798187256, 0.3007248044013977, -0.03729910030961037], [0.4179338812828064, 0.2655428647994995, -0.042800791561603546], [0.391832172870636, 0.28246307373046875, -0.056207381188869476], [0.35984089970588684, 0.32877159118652344, -0.060189373791217804]]"
36,"[[0.4033362865447998, 0.44440045952796936, -0.0440937802195549], [0.4340271055698395, 0.29769766330718994, -0.0380912683904171], [0.41147807240486145, 0.2660278081893921, -0.043242163956165314], [0.3861806392669678, 0.28315240144729614, -0.05577164888381958], [0.35521671175956726, 0.32798370718955994, -0.05909586697816849]]"
37,"[[0.4020194113254547, 0.4445832371711731, -0.044744715094566345], [0.4300561845302582, 0.3005289137363434, -0.04038054496049881], [0.40590158104896545, 0.26823610067367554, -0.04509920999407768], [0.38045504689216614, 0.2846295237541199, -0.05702950432896614], [0.3517850339412689, 0.3293171525001526, -0.05955200269818306]]"
38,"[[0.4565723240375519, 0.45559000968933105, -0.04780597239732742], [0.4401691257953644, 0.3212101459503174, -0.03587567061185837], [0.4263942837715149, 0.30754607915878296, -0.057888928800821304], [0.4004250168800354, 0.31190019845962524, -0.07152795791625977], [0.3660379946231842, 0.33958250284194946, -0.08303629606962204]]"
39,"[[0.4711509048938751, 0.44249987602233887, 0.05247795209288597], [0.4417348802089691, 0.33671700954437256, 0.0640556663274765], [0.4462662935256958, 0.3322128355503082, 0.014642209745943546], [0.45088067650794983, 0.33691397309303284, -0.021368736401200294], [0.44833260774612427, 0.3509344756603241, -0.0504118949174881]]"
40,"[[0.47140297293663025, 0.44809606671333313, 0.0738537609577179], [0.45597872138023376, 0.3514406979084015, 0.07831547409296036], [0.4599011540412903, 0.3495450019836426, 0.0262859258800745], [0.4627435505390167, 0.35146743059158325, -0.010552531108260155], [0.46292364597320557, 0.36251121759414673, -0.041042789816856384]]"
41,"[[0.47151973843574524, 0.4483371376991272, 0.07312344014644623], [0.456993043422699, 0.355589896440506, 0.07656233012676239], [0.46138936281204224, 0.3531780242919922, 0.023623952642083168], [0.4641319513320923, 0.35581058263778687, -0.012793833389878273], [0.4646780490875244, 0.3682543635368347, -0.043141741305589676]]"
42,"[[0.4725455343723297, 0.4496561884880066, 0.06789632886648178], [0.4583873152732849, 0.3578284978866577, 0.06963726133108139], [0.4622769057750702, 0.35626664757728577, 0.016198907047510147], [0.46378806233406067, 0.3587317168712616, -0.01878836192190647], [0.4629939794540405, 0.3726103603839874, -0.047604404389858246]]"
43,"[[0.4680598974227905, 0.4516095519065857, 0.06383048743009567], [0.45526280999183655, 0.3555397689342499, 0.06432469934225082], [0.46060940623283386, 0.3564983010292053, 0.01029978133738041], [0.46217626333236694, 0.3607381284236908, -0.024975210428237915], [0.460604727268219, 0.3759430944919586, -0.05406046286225319]]"
44,"[[0.469658762216568, 0.44998905062675476, 0.058197133243083954], [0.45518219470977783, 0.35792458057403564, 0.0576949305832386], [0.4594630002975464, 0.35631707310676575, 0.002612997079268098], [0.4605388343334198, 0.3608563542366028, -0.032886698842048645], [0.4567064046859741, 0.37656649947166443, -0.06060663238167763]]"
45,"[[0.47118157148361206, 0.4204380214214325, -0.07211395353078842], [0.440153032541275, 0.3748115301132202, -0.043494828045368195], [0.4278123676776886, 0.3735007047653198, -0.07013076543807983], [0.40372171998023987, 0.3780306875705719, -0.08366803824901581], [0.37851977348327637, 0.3862468898296356, -0.08597204834222794]]"
46,"[[0.45593470335006714, 0.4326036274433136, -0.07084985822439194], [0.44256356358528137, 0.4376383125782013, -0.022211823612451553], [0.43945959210395813, 0.27083781361579895, -0.04027232527732849], [0.4087401032447815, 0.2717651426792145, -0.04250650107860565], [0.3679640293121338, 0.31267398595809937, -0.03864799439907074]]"
47,"[[0.4670645296573639, 0.4320719838142395, -0.07399468123912811], [0.45295459032058716, 0.42661774158477783, -0.026349863037467003], [0.4493238925933838, 0.26514798402786255, -0.04700060933828354], [0.4231458902359009, 0.2773715853691101, -0.04962560534477234], [0.3904033899307251, 0.32520338892936707, -0.0484609380364418]]"
48,"[[0.46187832951545715, 0.425500750541687, -0.08506356924772263], [0.44865405559539795, 0.4215862452983856, -0.03225162625312805], [0.4404018223285675, 0.2614022195339203, -0.049783945083618164], [0.41415125131607056, 0.2754036784172058, -0.05005782097578049], [0.3852882981300354, 0.3226967453956604, -0.04911984130740166]]"
49,"[[0.4604252874851227, 0.42554980516433716, -0.09194736182689667], [0.44097134470939636, 0.41636306047439575, -0.03832992538809776], [0.43227139115333557, 0.2638866901397705, -0.053866997361183167], [0.4057784378528595, 0.27731218934059143, -0.05229499936103821], [0.3778077960014343, 0.3212728500366211, -0.05177220329642296]]"
50,"[[0.4643908739089966, 0.4299321472644806, -0.09514869004487991], [0.4434410333633423, 0.4377360939979553, -0.04401130601763725], [0.4295346140861511, 0.2622298002243042, -0.05855916440486908], [0.3974417448043823, 0.26998597383499146, -0.05731825530529022], [0.33526378870010376, 0.3174731135368347, -0.050664160400629044]]"
51,"[[0.46406739950180054, 0.4306078255176544, -0.09588386863470078], [0.44083601236343384, 0.42528340220451355, -0.04354172945022583], [0.4279994070529938, 0.26598960161209106, -0.053888510912656784], [0.3869841396808624, 0.2695937156677246, -0.05356253311038017], [0.32307910919189453, 0.3181959092617035, -0.047198373824357986]]"
52,"[[0.46525025367736816, 0.43386274576187134, -0.09680182486772537], [0.44222575426101685, 0.4275582730770111, -0.0444781556725502], [0.42730751633644104, 0.26549315452575684, -0.05545666068792343], [0.38631507754325867, 0.26946479082107544, -0.054750580340623856], [0.3247050642967224, 0.31817731261253357, -0.047942087054252625]]"
53,"[[0.4677131772041321, 0.43567168712615967, -0.09923708438873291], [0.44059890508651733, 0.43564000725746155, -0.04179573804140091], [0.42856329679489136, 0.2643110752105713, -0.052885737270116806], [0.38935813307762146, 0.26719656586647034, -0.05071912333369255], [0.33125096559524536, 0.31498366594314575, -0.04417042434215546]]"
54,"[[0.47907155752182007, 0.4402945935726166, -0.08241666108369827], [0.45473161339759827, 0.4301183819770813, -0.03740471228957176], [0.42973223328590393, 0.3380281925201416, -0.0511091984808445], [0.39811208844184875, 0.3064286708831787, -0.05798745155334473], [0.3486875891685486, 0.3209569454193115, -0.052642155438661575]]"
55,"[[0.47787824273109436, 0.47199034690856934, -0.09273625165224075], [0.4574470520019531, 0.41646313667297363, -0.059592507779598236], [0.42064592242240906, 0.4108649790287018, -0.07921826839447021], [0.3913969397544861, 0.40786710381507874, -0.08350464701652527], [0.35951468348503113, 0.3946862518787384, -0.07577905058860779]]"
56,"[[0.47223809361457825, 0.4659431576728821, -0.09143239259719849], [0.4582790732383728, 0.39267104864120483, -0.05930555984377861], [0.4226699471473694, 0.38580265641212463, -0.07958925515413284], [0.392653226852417, 0.3857647180557251, -0.08292263746261597], [0.35892918705940247, 0.38234999775886536, -0.07151629030704498]]"
57,"[[0.4683797061443329, 0.46716612577438354, -0.0937362089753151], [0.4532809853553772, 0.3981877565383911, -0.05980243533849716], [0.4192016124725342, 0.39149919152259827, -0.07954947650432587], [0.38808727264404297, 0.38935643434524536, -0.08374577015638351], [0.3553696274757385, 0.38285890221595764, -0.07362281531095505]]"
58,"[[0.4645827114582062, 0.46516698598861694, -0.095392607152462], [0.45108142495155334, 0.3959192931652069, -0.06119881942868233], [0.4155261218547821, 0.3931492269039154, -0.07828865200281143], [0.3856656849384308, 0.38960227370262146, -0.08407440036535263], [0.35461825132369995, 0.3837639093399048, -0.07435224205255508]]"
59,"[[0.4640343487262726, 0.4695022404193878, -0.1016043871641159], [0.45020154118537903, 0.40033653378486633, -0.06764505803585052], [0.4157263934612274, 0.40018782019615173, -0.08549712598323822], [0.3834269046783447, 0.39457303285598755, -0.09054099023342133], [0.3530409634113312, 0.3843424320220947, -0.08081433922052383]]"
60,"[[0.46190232038497925, 0.46987608075141907, -0.10307260602712631], [0.4472998082637787, 0.402246356010437, -0.06738423556089401], [0.4121930003166199, 0.4027082622051239, -0.08536829054355621], [0.3796175420284271, 0.39830219745635986, -0.08982990682125092], [0.35013821721076965, 0.39011576771736145, -0.07928222417831421]]"
61,"[[0.4597075581550598, 0.4683434069156647, -0.099822036921978], [0.4447872042655945, 0.4038515090942383, -0.06384654343128204], [0.41009825468063354, 0.40596163272857666, -0.08218610286712646], [0.3778994083404541, 0.4027561545372009, -0.08601173013448715], [0.3484373092651367, 0.3941667079925537, -0.07597057521343231]]"
62,"[[0.4591282904148102, 0.4648117125034332, -0.09477945417165756], [0.4438813030719757, 0.40309077501296997, -0.05804023519158363], [0.40853410959243774, 0.40877383947372437, -0.07641208916902542], [0.376220166683197, 0.40547606348991394, -0.0811908021569252], [0.34679609537124634, 0.3965311348438263, -0.07232288271188736]]"
63,"[[0.4595087170600891, 0.45909383893013, -0.10434505343437195], [0.4456362724304199, 0.3964537978172302, -0.06853292137384415], [0.4114620089530945, 0.40786415338516235, -0.08540058135986328], [0.37883394956588745, 0.4067944884300232, -0.09021554887294769], [0.34871917963027954, 0.4007432460784912, -0.08204331994056702]]"
64,"[[0.4589281380176544, 0.44785910844802856, -0.09543763101100922], [0.4465184211730957, 0.3890761137008667, -0.06257957220077515], [0.41350799798965454, 0.4029434025287628, -0.07952649146318436], [0.38137102127075195, 0.4059147238731384, -0.08704230189323425], [0.34768664836883545, 0.406792014837265, -0.08199984580278397]]"
65,"[[0.43754300475120544, 0.4190976023674011, -0.060319140553474426], [0.46008986234664917, 0.3574027419090271, -0.06944076716899872], [0.46768710017204285, 0.35820096731185913, -0.10927601158618927], [0.45562994480133057, 0.5059000849723816, -0.08910015970468521], [0.424183189868927, 0.5157544612884521, -0.09607171267271042]]"
66,"[[0.42839691042900085, 0.4407745897769928, -0.027574941515922546], [0.4975544810295105, 0.37424513697624207, -0.05632907897233963], [0.5162283182144165, 0.3888360261917114, -0.08105020225048065], [0.4141015112400055, 0.5271399617195129, -0.044953685253858566], [0.4059325158596039, 0.5498294234275818, -0.059575993567705154]]"
67,"[[0.4280881881713867, 0.43991202116012573, -0.030155900865793228], [0.49342334270477295, 0.3698045611381531, -0.0660577118396759], [0.5126648545265198, 0.3887764811515808, -0.09096451103687286], [0.4297797381877899, 0.5336067080497742, -0.05197970196604729], [0.4216521382331848, 0.5562855005264282, -0.06628520786762238]]"
68,"[[0.4259971082210541, 0.4258565902709961, -0.028384214267134666], [0.49763190746307373, 0.36218729615211487, -0.06381604075431824], [0.5241519212722778, 0.3904866576194763, -0.08741254359483719], [0.41504862904548645, 0.5224099159240723, -0.046810001134872437], [0.4124539792537689, 0.5502376556396484, -0.059765711426734924]]"
69,"[[0.4569500684738159, 0.4459136426448822, -0.034413378685712814], [0.5257003903388977, 0.3806983530521393, -0.0734516903758049], [0.5578769445419312, 0.41644299030303955, -0.08585310727357864], [0.4197935461997986, 0.5116258859634399, -0.037078555673360825], [0.41749584674835205, 0.5452843308448792, -0.0469796396791935]]"
70,"[[0.48109719157218933, 0.4478924870491028, -0.04571323096752167], [0.5549389123916626, 0.41069209575653076, -0.08638641983270645], [0.5810824036598206, 0.4466915726661682, -0.09433790296316147], [0.43616819381713867, 0.5154204964637756, -0.041702598333358765], [0.42945772409439087, 0.5467172861099243, -0.04802604019641876]]"
71,"[[0.48537808656692505, 0.46420469880104065, -0.04686684161424637], [0.5597148537635803, 0.41595640778541565, -0.09109461307525635], [0.5873256921768188, 0.4525592625141144, -0.0967116728425026], [0.4426712095737457, 0.5199354887008667, -0.04013214632868767], [0.4364382028579712, 0.5497073531150818, -0.04505051672458649]]"
72,"[[0.48191219568252563, 0.46554648876190186, -0.04580878093838692], [0.5568097829818726, 0.4126569628715515, -0.09017638117074966], [0.5859538912773132, 0.4486348330974579, -0.09691936522722244], [0.4393531382083893, 0.5198866724967957, -0.040045950561761856], [0.4331240653991699, 0.5504534244537354, -0.04539373517036438]]"
73,"[[0.480936735868454, 0.46314194798469543, -0.04423919692635536], [0.5564630031585693, 0.4150983989238739, -0.0877946987748146], [0.5837319493293762, 0.45017653703689575, -0.09461790323257446], [0.4397422969341278, 0.5217756032943726, -0.03915749862790108], [0.43327707052230835, 0.5524313449859619, -0.044726110994815826]]"
74,"[[0.48152145743370056, 0.45958665013313293, -0.04955422505736351], [0.5551354885101318, 0.4110172688961029, -0.09177441895008087], [0.5832844376564026, 0.44753456115722656, -0.09841609001159668], [0.43869370222091675, 0.5201402306556702, -0.04184933751821518], [0.43253764510154724, 0.549900472164154, -0.04736528918147087]]"
75,"[[0.48038989305496216, 0.45080894231796265, -0.042964644730091095], [0.5532127618789673, 0.4037761092185974, -0.08107443898916245], [0.5729780197143555, 0.4433756470680237, -0.0999174416065216], [0.46031150221824646, 0.5490028262138367, -0.05426826328039169], [0.45206326246261597, 0.5728721022605896, -0.06665056198835373]]"
76,"[[0.5457950830459595, 0.4803619980812073, -0.05840795487165451], [0.5619822144508362, 0.3698540925979614, -0.055441249161958694], [0.4570150375366211, 0.4878159761428833, -0.06258574873209], [0.434848815202713, 0.5028978586196899, -0.06520849466323853], [0.4186043441295624, 0.5110390782356262, -0.08035209774971008]]"
77,"[[0.5514511466026306, 0.4695011377334595, -0.05428532883524895], [0.563991367816925, 0.37837135791778564, -0.05668335407972336], [0.4561997652053833, 0.4744393825531006, -0.05987277254462242], [0.43826693296432495, 0.49604225158691406, -0.06053093448281288], [0.42475268244743347, 0.5128848552703857, -0.07766637951135635]]"
78,"[[0.547762930393219, 0.4637111723423004, -0.05205242708325386], [0.559952974319458, 0.38075771927833557, -0.05604690685868263], [0.4529678523540497, 0.4775002896785736, -0.05722125619649887], [0.43533656001091003, 0.4965229332447052, -0.05855049937963486], [0.4221563935279846, 0.5154597759246826, -0.07542164623737335]]"
79,"[[0.5447169542312622, 0.46148672699928284, -0.05137750506401062], [0.5566002726554871, 0.38029515743255615, -0.055957481265068054], [0.4493192136287689, 0.4753952622413635, -0.055679671466350555], [0.4321940243244171, 0.4972299337387085, -0.05751566216349602], [0.4206049144268036, 0.5167086720466614, -0.07550563663244247]]"
80,"[[0.5455164313316345, 0.4631045162677765, -0.05026472359895706], [0.5577504634857178, 0.38320398330688477, -0.052631061524152756], [0.4494299292564392, 0.48229706287384033, -0.05455690622329712], [0.43306171894073486, 0.5033678412437439, -0.05794720724225044], [0.421710729598999, 0.5238668322563171, -0.07570943981409073]]"
81,"[[0.5411966443061829, 0.45339012145996094, -0.051634531468153], [0.5586076974868774, 0.38241180777549744, -0.054027970880270004], [0.44628986716270447, 0.4772493243217468, -0.0542977899312973], [0.43221357464790344, 0.5021256804466248, -0.05760633945465088], [0.42129963636398315, 0.5249569416046143, -0.07673892378807068]]"
82,"[[0.4918772876262665, 0.42996615171432495, -0.030809907242655754], [0.5422194004058838, 0.33453962206840515, -0.0781591609120369], [0.5190736651420593, 0.5111706256866455, -0.07967836409807205], [0.47340068221092224, 0.5524747371673584, -0.06891826540231705], [0.4612211585044861, 0.5793267488479614, -0.09114735573530197]]"
83,"[[0.47949427366256714, 0.4411526322364807, -0.02222415618598461], [0.5365731120109558, 0.317518413066864, -0.05882541835308075], [0.5884274840354919, 0.46600568294525146, -0.07808909565210342], [0.43484851717948914, 0.5305065512657166, -0.03558069095015526], [0.4184827208518982, 0.5585106015205383, -0.04671422019600868]]"
84,"[[0.5044587254524231, 0.465660035610199, -0.047440867871046066], [0.5612975358963013, 0.3648870289325714, -0.08998695760965347], [0.5938241481781006, 0.5126412510871887, -0.09408146888017654], [0.4386045038700104, 0.5417934060096741, -0.049920666962862015], [0.42194172739982605, 0.5746719241142273, -0.052342772483825684]]"
85,"[[0.49168065190315247, 0.4729888439178467, -0.010206205770373344], [0.5736060738563538, 0.364266574382782, -0.05031927675008774], [0.6062889099121094, 0.5129418969154358, -0.06770393997430801], [0.44048357009887695, 0.5524085164070129, -0.022677026689052582], [0.42742809653282166, 0.5904346108436584, -0.03417479991912842]]"
86,"[[0.5038148164749146, 0.47398096323013306, -0.04781566560268402], [0.5581881999969482, 0.37857162952423096, -0.08931351453065872], [0.5839264392852783, 0.5090709328651428, -0.09105996787548065], [0.4409979283809662, 0.5429335832595825, -0.048414621502161026], [0.4244973063468933, 0.5753138661384583, -0.05164840817451477]]"
87,"[[0.5003191828727722, 0.4619435966014862, -0.04426569491624832], [0.5521261692047119, 0.3738865256309509, -0.08489257097244263], [0.5830838680267334, 0.5093058347702026, -0.09025443345308304], [0.4349277913570404, 0.544215977191925, -0.04842706024646759], [0.41672471165657043, 0.5759888291358948, -0.05219671502709389]]"
88,"[[0.48389309644699097, 0.47479867935180664, -0.010008505545556545], [0.5674377083778381, 0.36560308933258057, -0.05407461151480675], [0.5973246097564697, 0.5135051012039185, -0.07028993964195251], [0.4346385896205902, 0.5555050373077393, -0.023731954395771027], [0.4205915629863739, 0.5920829176902771, -0.035728663206100464]]"
89,"[[0.4969666004180908, 0.4694647789001465, -0.04929414391517639], [0.5575369000434875, 0.3808693587779999, -0.09538041055202484], [0.5737868547439575, 0.5205936431884766, -0.0985637754201889], [0.42632851004600525, 0.5524632334709167, -0.054552432149648666], [0.4097833037376404, 0.5860967636108398, -0.05896163359284401]]"
90,"[[0.46750032901763916, 0.49093174934387207, -0.023341437801718712], [0.5600584745407104, 0.3872481882572174, -0.07380775362253189], [0.5828322768211365, 0.5332598090171814, -0.08966370671987534], [0.4250286817550659, 0.5661300420761108, -0.04002241790294647], [0.41019123792648315, 0.5979906320571899, -0.05019880831241608]]"
91,"[[0.470220148563385, 0.48136311769485474, -0.03850936144590378], [0.5532738566398621, 0.4057962894439697, -0.08810203522443771], [0.5746508836746216, 0.5240124464035034, -0.10183720290660858], [0.4185921251773834, 0.566926121711731, -0.05093584954738617], [0.39923095703125, 0.6002265810966492, -0.05976409465074539]]"
92,"[[0.47504371404647827, 0.47914132475852966, -0.04748639464378357], [0.5383121967315674, 0.3873516321182251, -0.09326105564832687], [0.5727946758270264, 0.5102064609527588, -0.105369932949543], [0.41823840141296387, 0.5637310743331909, -0.05399693548679352], [0.40212661027908325, 0.598345160484314, -0.06356580555438995]]"
93,"[[0.4789685308933258, 0.44927483797073364, -0.058416180312633514], [0.5094336271286011, 0.34736669063568115, -0.10469822585582733], [0.5612812042236328, 0.4969654977321625, -0.11514519155025482], [0.4157731235027313, 0.5580688118934631, -0.05890573188662529], [0.3974683880805969, 0.5875803232192993, -0.06778877973556519]]"
94,"[[0.46805262565612793, 0.45347821712493896, -0.05528564006090164], [0.5069460868835449, 0.34629738330841064, -0.09967727214097977], [0.5549330711364746, 0.4955407977104187, -0.11340191215276718], [0.41308483481407166, 0.560644805431366, -0.061215031892061234], [0.39474591612815857, 0.5932425260543823, -0.07145655900239944]]"
95,"[[0.46737828850746155, 0.4534871578216553, -0.054647162556648254], [0.5066379308700562, 0.3475074768066406, -0.09907083958387375], [0.5545319318771362, 0.4953581690788269, -0.11321631819009781], [0.412293404340744, 0.5599652528762817, -0.060939107090234756], [0.3940752148628235, 0.5928596258163452, -0.07170823961496353]]"
96,"[[0.46732091903686523, 0.4557269513607025, -0.05490487441420555], [0.5071398019790649, 0.34952622652053833, -0.09953153878450394], [0.5546322464942932, 0.4977284073829651, -0.11280863732099533], [0.4142896831035614, 0.5622782707214355, -0.06072130426764488], [0.3961411714553833, 0.5938584208488464, -0.07102783024311066]]"
97,"[[0.46718287467956543, 0.4560226798057556, -0.05464424937963486], [0.5088826417922974, 0.35104337334632874, -0.0994650349020958], [0.5538038015365601, 0.4967700242996216, -0.11272270977497101], [0.4138636589050293, 0.5612462759017944, -0.060756053775548935], [0.3952385485172272, 0.5930763483047485, -0.07096455991268158]]"
98,"[[0.46738573908805847, 0.457261860370636, -0.05413114279508591], [0.5099747180938721, 0.3527161180973053, -0.09802168607711792], [0.5541518330574036, 0.49738064408302307, -0.11147414147853851], [0.4119991958141327, 0.5599751472473145, -0.059945859014987946], [0.39393559098243713, 0.5923901796340942, -0.07083335518836975]]"
99,"[[0.46643155813217163, 0.4574243724346161, -0.053026601672172546], [0.511426568031311, 0.3538944721221924, -0.09658031910657883], [0.5539398193359375, 0.49662697315216064, -0.1101088896393776], [0.4131707549095154, 0.5601746439933777, -0.059541650116443634], [0.3947449326515198, 0.5927420258522034, -0.0704260766506195]]"
100,"[[0.4661163091659546, 0.45612627267837524, -0.053353872150182724], [0.5117667317390442, 0.35348212718963623, -0.09861943870782852], [0.5550001263618469, 0.49584174156188965, -0.11136461049318314], [0.41248345375061035, 0.5597528219223022, -0.05860156938433647], [0.39385169744491577, 0.5927034616470337, -0.06884109973907471]]"
101,"[[0.46680229902267456, 0.457888662815094, -0.053086671978235245], [0.5122957229614258, 0.3554159998893738, -0.09763744473457336], [0.554271399974823, 0.49731168150901794, -0.11036930233240128], [0.41218361258506775, 0.5597279071807861, -0.05841498821973801], [0.3939594328403473, 0.5925329923629761, -0.06862509995698929]]"
102,"[[0.4688895344734192, 0.4590187668800354, -0.05054226145148277], [0.5149658918380737, 0.3554748296737671, -0.0963505282998085], [0.5577051043510437, 0.4960687458515167, -0.10878907144069672], [0.41112738847732544, 0.555934488773346, -0.055441536009311676], [0.39614149928092957, 0.5908223390579224, -0.06541583687067032]]"
103,"[[0.47321128845214844, 0.4595884680747986, -0.050571031868457794], [0.516453742980957, 0.3557049632072449, -0.09444178640842438], [0.5578005313873291, 0.49728912115097046, -0.10613954067230225], [0.4124142527580261, 0.556204617023468, -0.05394764244556427], [0.3954811990261078, 0.5907396674156189, -0.06414610147476196]]"
104,"[[0.47529369592666626, 0.4628164768218994, -0.05013692378997803], [0.5187032222747803, 0.3581480383872986, -0.09419596940279007], [0.5600695610046387, 0.5003027319908142, -0.10517526417970657], [0.4145810902118683, 0.5580232739448547, -0.05333814024925232], [0.3965021073818207, 0.5924515724182129, -0.06339313089847565]]"
105,"[[0.4775274991989136, 0.4554251730442047, -0.04910041764378548], [0.5207875370979309, 0.3597468137741089, -0.09191633760929108], [0.5610107183456421, 0.49817797541618347, -0.10385370254516602], [0.41642993688583374, 0.5584298968315125, -0.05246344953775406], [0.39805567264556885, 0.592385470867157, -0.06309296935796738]]"
106,"[[0.48454663157463074, 0.46113261580467224, -0.045775216072797775], [0.5300688743591309, 0.37249624729156494, -0.08688385784626007], [0.5635696053504944, 0.5010541081428528, -0.09865099936723709], [0.42828458547592163, 0.5681928396224976, -0.050195664167404175], [0.4094543755054474, 0.5988203287124634, -0.06391553580760956]]"
107,"[[0.49481400847435, 0.4936675429344177, -0.037572890520095825], [0.5428571701049805, 0.4309472441673279, -0.09694552421569824], [0.5584246516227722, 0.5052890181541443, -0.11606928706169128], [0.5094996690750122, 0.583701491355896, -0.0885891392827034], [0.4800035357475281, 0.5983785390853882, -0.09899241477251053]]"
108,"[[0.4894355237483978, 0.46789827942848206, -0.02783721312880516], [0.5448973774909973, 0.44258904457092285, -0.08444827049970627], [0.5530761480331421, 0.5161030292510986, -0.10504455864429474], [0.5235633850097656, 0.5749978423118591, -0.09176851063966751], [0.4907976984977722, 0.5922208428382874, -0.10424333065748215]]"
109,"[[0.487020879983902, 0.4651648998260498, -0.01689654029905796], [0.5381763577461243, 0.43674880266189575, -0.07339221239089966], [0.5493672490119934, 0.5067381858825684, -0.09709102660417557], [0.5242353677749634, 0.5635553002357483, -0.08846330642700195], [0.4929658770561218, 0.582456111907959, -0.10142133384943008]]"
110,"[[0.48497140407562256, 0.4586704671382904, -0.013123549520969391], [0.534166693687439, 0.4341657757759094, -0.06754379719495773], [0.5445764064788818, 0.5001029372215271, -0.09124437719583511], [0.5199728608131409, 0.5576047301292419, -0.08405188471078873], [0.4944283664226532, 0.575624406337738, -0.09866022318601608]]"
111,"[[0.4852614402770996, 0.45854657888412476, -0.014482621103525162], [0.5346401929855347, 0.4359421133995056, -0.06860310584306717], [0.54778653383255, 0.4987393021583557, -0.09135488420724869], [0.5202327966690063, 0.5533135533332825, -0.0830368772149086], [0.48826494812965393, 0.5726361274719238, -0.09606939554214478]]"
112,"[[0.4870625436306, 0.46118810772895813, -0.01479202602058649], [0.5360059142112732, 0.4385943114757538, -0.06935283541679382], [0.5470351576805115, 0.49957409501075745, -0.09221373498439789], [0.5193495750427246, 0.5566580295562744, -0.08348561078310013], [0.4879792332649231, 0.5738751888275146, -0.09697990119457245]]"
113,"[[0.48793309926986694, 0.46472397446632385, -0.012750154361128807], [0.5377697944641113, 0.44022366404533386, -0.06576337665319443], [0.5473372936248779, 0.5028349757194519, -0.08793263882398605], [0.5183788537979126, 0.5619420409202576, -0.07923980802297592], [0.48837941884994507, 0.5772891044616699, -0.09360502660274506]]"
114,"[[0.48712605237960815, 0.46516531705856323, -0.01350697036832571], [0.5363677144050598, 0.44026651978492737, -0.06682328879833221], [0.5485040545463562, 0.5039427876472473, -0.0900268703699112], [0.5184192657470703, 0.5632559061050415, -0.0809975191950798], [0.48793143033981323, 0.579136073589325, -0.09498974680900574]]"
115,"[[0.5042056441307068, 0.46596887707710266, -0.03048369474709034], [0.5400471687316895, 0.44940394163131714, -0.08093108236789703], [0.544489324092865, 0.49646317958831787, -0.11429587751626968], [0.5147576928138733, 0.5604650974273682, -0.10567648708820343], [0.4839669466018677, 0.5735064744949341, -0.12164156138896942]]"
116,"[[0.5227033495903015, 0.4700002372264862, -0.08389697968959808], [0.5236594676971436, 0.4119058847427368, -0.0881706029176712], [0.5045343041419983, 0.41862809658050537, -0.116537906229496], [0.4702899158000946, 0.4298434555530548, -0.11832231283187866], [0.4201676845550537, 0.439933717250824, -0.11921169608831406]]"
117,"[[0.5461715459823608, 0.49974969029426575, -0.06282336264848709], [0.5218930244445801, 0.3511267900466919, -0.050978999584913254], [0.4890502393245697, 0.3065063953399658, -0.05890625715255737], [0.446298748254776, 0.30742770433425903, -0.07063458859920502], [0.3867332637310028, 0.34547001123428345, -0.07201819866895676]]"
118,"[[0.5359383821487427, 0.4861714541912079, -0.06491419672966003], [0.4923422932624817, 0.327606737613678, -0.04738364741206169], [0.4600997269153595, 0.2999916672706604, -0.0547909289598465], [0.42564982175827026, 0.3092315196990967, -0.06771066784858704], [0.377326101064682, 0.362229585647583, -0.06922771781682968]]"
119,"[[0.4946981370449066, 0.4917740523815155, -0.08300376683473587], [0.47042280435562134, 0.32054877281188965, -0.06879241019487381], [0.44543227553367615, 0.2910614311695099, -0.07372935116291046], [0.42057812213897705, 0.3078145980834961, -0.08204017579555511], [0.3841511309146881, 0.3639570474624634, -0.08052393049001694]]"
120,"[[0.47676172852516174, 0.5006385445594788, -0.0651756227016449], [0.4663921594619751, 0.31992650032043457, -0.0612238384783268], [0.443195641040802, 0.2886251211166382, -0.06537791341543198], [0.41829970479011536, 0.3075030446052551, -0.07428869605064392], [0.38864266872406006, 0.36263906955718994, -0.07490730285644531]]"
121,"[[0.4585370123386383, 0.48833414912223816, -0.06169870123267174], [0.46908634901046753, 0.3236235976219177, -0.05635966360569], [0.4458460211753845, 0.2914511561393738, -0.05947709083557129], [0.4199560880661011, 0.309475839138031, -0.06983278691768646], [0.39151230454444885, 0.35999852418899536, -0.07042598724365234]]"
122,"[[0.4503062665462494, 0.48311689496040344, -0.05781286582350731], [0.46552330255508423, 0.3202958106994629, -0.05307764932513237], [0.44343432784080505, 0.28790605068206787, -0.05654701218008995], [0.4179753065109253, 0.3046189546585083, -0.06840769946575165], [0.39040607213974, 0.3545910716056824, -0.07034885138273239]]"
123,"[[0.4472157955169678, 0.4800516963005066, -0.05247146636247635], [0.4603113532066345, 0.320845365524292, -0.044894833117723465], [0.43912240862846375, 0.2854463458061218, -0.04789178818464279], [0.41313281655311584, 0.30175161361694336, -0.06096741929650307], [0.3843728303909302, 0.3534175753593445, -0.06331796199083328]]"
124,"[[0.44608235359191895, 0.47879451513290405, -0.04656384512782097], [0.4597887694835663, 0.3207409977912903, -0.03986525908112526], [0.43772581219673157, 0.28451961278915405, -0.04370708018541336], [0.4113891124725342, 0.2999228239059448, -0.05747317895293236], [0.3827250003814697, 0.3509814739227295, -0.06064577400684357]]"
125,"[[0.44637560844421387, 0.47935396432876587, -0.04891611635684967], [0.4590349495410919, 0.31988009810447693, -0.04272708296775818], [0.4365812838077545, 0.2846145033836365, -0.04643584042787552], [0.4105880856513977, 0.3010619878768921, -0.059640418738126755], [0.38228121399879456, 0.3526310324668884, -0.062412433326244354]]"
126,"[[0.44621866941452026, 0.4794648289680481, -0.049213483929634094], [0.4589013457298279, 0.3206077218055725, -0.04343719035387039], [0.4361793100833893, 0.28664645552635193, -0.047008216381073], [0.41022029519081116, 0.3023088872432709, -0.059925999492406845], [0.3832743167877197, 0.351442813873291, -0.06284117698669434]]"
127,"[[0.44613972306251526, 0.478683739900589, -0.04774066433310509], [0.4592580199241638, 0.3199751377105713, -0.041559189558029175], [0.4367407560348511, 0.2841862440109253, -0.045418139547109604], [0.4103774428367615, 0.30057260394096375, -0.058669205754995346], [0.3817385733127594, 0.35217994451522827, -0.061051029711961746]]"
128,"[[0.44470542669296265, 0.4785681962966919, -0.04916328936815262], [0.4569898843765259, 0.3189154267311096, -0.04315968602895737], [0.43554627895355225, 0.2852741479873657, -0.04757910221815109], [0.4089769423007965, 0.30166423320770264, -0.06073769927024841], [0.3823123872280121, 0.3509381413459778, -0.06400634348392487]]"
129,"[[0.4424407184123993, 0.47926488518714905, -0.047841060906648636], [0.45604178309440613, 0.31921473145484924, -0.04118543863296509], [0.4344421625137329, 0.28533703088760376, -0.0450734868645668], [0.4072892963886261, 0.301971435546875, -0.058257095515728], [0.37995445728302, 0.3514147400856018, -0.061373159289360046]]"
130,"[[0.44201692938804626, 0.4787836968898773, -0.04794861748814583], [0.45507702231407166, 0.3201581835746765, -0.04128459841012955], [0.4330936670303345, 0.28497594594955444, -0.04486951231956482], [0.4061764180660248, 0.30115237832069397, -0.05852564051747322], [0.37812331318855286, 0.35297536849975586, -0.06084210425615311]]"
131,"[[0.443438857793808, 0.47840026021003723, -0.046971939504146576], [0.4552599787712097, 0.31951022148132324, -0.04198700934648514], [0.43171557784080505, 0.28513097763061523, -0.046246230602264404], [0.4056274890899658, 0.3010087013244629, -0.05947916954755783], [0.37805160880088806, 0.3510245680809021, -0.06210019439458847]]"
132,"[[0.4464486241340637, 0.47466403245925903, -0.04809879511594772], [0.4551466703414917, 0.3183731436729431, -0.04256506636738777], [0.43114790320396423, 0.2840028405189514, -0.04692555218935013], [0.4052111506462097, 0.3011088967323303, -0.05991075932979584], [0.37699633836746216, 0.3531506657600403, -0.06199176609516144]]"
133,"[[0.4846114218235016, 0.45246654748916626, -0.046075694262981415], [0.4493594467639923, 0.3375702500343323, -0.0340389683842659], [0.41624507308006287, 0.30851081013679504, -0.0431906133890152], [0.39330601692199707, 0.3159453272819519, -0.05470170080661774], [0.37067750096321106, 0.355053186416626, -0.05867929011583328]]"
134,"[[0.495522677898407, 0.4330022931098938, -0.05796072259545326], [0.4466269314289093, 0.4724046289920807, -0.007997303269803524], [0.41978761553764343, 0.47807034850120544, -0.03511985391378403], [0.39138585329055786, 0.47553911805152893, -0.04150760918855667], [0.3682428300380707, 0.4725516736507416, -0.041626568883657455]]"
135,"[[0.49176567792892456, 0.42270469665527344, -0.04963088780641556], [0.4392428398132324, 0.5331708788871765, -0.024650026112794876], [0.4160183370113373, 0.5483675003051758, -0.05259537324309349], [0.39445292949676514, 0.5513928532600403, -0.05011619254946709], [0.3726707696914673, 0.5361120700836182, -0.04619763419032097]]"
136,"[[0.5010039806365967, 0.42788460850715637, -0.05453477054834366], [0.4413986802101135, 0.54195237159729, -0.03820464015007019], [0.415086030960083, 0.5535337328910828, -0.06257688999176025], [0.39559027552604675, 0.5596455931663513, -0.056653160601854324], [0.3736717402935028, 0.5329006910324097, -0.053656358271837234]]"
137,"[[0.5016884803771973, 0.424466997385025, -0.052007149904966354], [0.4424862265586853, 0.5395280122756958, -0.03519638255238533], [0.4157537519931793, 0.5487855076789856, -0.06121286004781723], [0.3954436480998993, 0.5558351874351501, -0.0557725615799427], [0.37430340051651, 0.5315962433815002, -0.05240524560213089]]"
138,"[[0.5006040930747986, 0.4222225844860077, -0.05176359787583351], [0.4438816010951996, 0.5383971929550171, -0.035538170486688614], [0.41670769453048706, 0.5485063195228577, -0.062359996140003204], [0.396640419960022, 0.555751383304596, -0.057108428329229355], [0.3754376173019409, 0.5304876565933228, -0.053886011242866516]]"
139,"[[0.49901288747787476, 0.4215865135192871, -0.0517154335975647], [0.44359707832336426, 0.5382198095321655, -0.035234954208135605], [0.41682493686676025, 0.5490640997886658, -0.0617942176759243], [0.39675164222717285, 0.5562596321105957, -0.05693817883729935], [0.37620675563812256, 0.531722903251648, -0.053800564259290695]]"
140,"[[0.4987008273601532, 0.4214284420013428, -0.05081263929605484], [0.4436531960964203, 0.5374891757965088, -0.034635595977306366], [0.41670483350753784, 0.549355685710907, -0.061439789831638336], [0.39667171239852905, 0.556678056716919, -0.05658254027366638], [0.37555715441703796, 0.532278835773468, -0.0535627081990242]]"
141,"[[0.498198926448822, 0.42164525389671326, -0.05117211863398552], [0.4441227316856384, 0.5386877655982971, -0.03468265384435654], [0.41678133606910706, 0.5500160455703735, -0.06115907058119774], [0.3965868353843689, 0.557726263999939, -0.05628400668501854], [0.37531065940856934, 0.5331669449806213, -0.05308334901928902]]"
142,"[[0.49827590584754944, 0.4205060601234436, -0.04936697334051132], [0.4434676468372345, 0.5376139879226685, -0.03253551200032234], [0.4169982075691223, 0.548816978931427, -0.0595891997218132], [0.39689797163009644, 0.5566673278808594, -0.05513734742999077], [0.37608152627944946, 0.5343905091285706, -0.05183728411793709]]"
143,"[[0.49785807728767395, 0.42057889699935913, -0.04774736240506172], [0.44303810596466064, 0.5370432138442993, -0.03143884986639023], [0.41664066910743713, 0.5484581589698792, -0.058717384934425354], [0.3967980444431305, 0.5560382008552551, -0.05444977432489395], [0.37624698877334595, 0.5338830947875977, -0.05112982541322708]]"
144,"[[0.4973295032978058, 0.41895097494125366, -0.049222782254219055], [0.44375094771385193, 0.5363194942474365, -0.03284350037574768], [0.4167826473712921, 0.5475970506668091, -0.059689443558454514], [0.39663493633270264, 0.5554599761962891, -0.05522329732775688], [0.37600845098495483, 0.5352674722671509, -0.05191149562597275]]"
145,"[[0.49680784344673157, 0.4202805757522583, -0.04930390045046806], [0.4430221915245056, 0.5369492769241333, -0.03286127373576164], [0.41603341698646545, 0.5483943223953247, -0.05970587208867073], [0.39611321687698364, 0.5557249188423157, -0.05533372983336449], [0.37539142370224, 0.5348544716835022, -0.05208342522382736]]"
146,"[[0.495663583278656, 0.4190990924835205, -0.049136217683553696], [0.4422338306903839, 0.5372656583786011, -0.03293411806225777], [0.4145103096961975, 0.5490284562110901, -0.060147739946842194], [0.39535534381866455, 0.5557137131690979, -0.05557221919298172], [0.3741926848888397, 0.5326430201530457, -0.05181780457496643]]"
147,"[[0.4923296272754669, 0.42691347002983093, -0.05607185885310173], [0.44034111499786377, 0.5336276292800903, -0.03653225302696228], [0.41449031233787537, 0.5436015129089355, -0.06177166476845741], [0.3934651017189026, 0.5513089299201965, -0.056864622980356216], [0.3725299537181854, 0.5305368900299072, -0.05373108759522438]]"
148,"[[0.4642033576965332, 0.46880510449409485, -0.0740392878651619], [0.4346310496330261, 0.5331138968467712, -0.0549636073410511], [0.4117024838924408, 0.545353889465332, -0.07230093330144882], [0.3914639949798584, 0.5537763237953186, -0.06588451564311981], [0.37233152985572815, 0.5316017270088196, -0.06524375826120377]]"
149,"[[0.44029057025909424, 0.4765213429927826, -0.052735183387994766], [0.4456750750541687, 0.5216959118843079, -0.0356098935008049], [0.419140100479126, 0.5397128462791443, -0.0585634782910347], [0.39718663692474365, 0.5551601052284241, -0.055163975805044174], [0.3758968710899353, 0.53208327293396, -0.05579698458313942]]"
150,"[[0.43117865920066833, 0.4787653386592865, -0.05905153602361679], [0.4423454701900482, 0.5211872458457947, -0.04028983414173126], [0.41674527525901794, 0.5354535579681396, -0.06067159026861191], [0.3948381841182709, 0.5545668005943298, -0.0582820363342762], [0.37244924902915955, 0.5308727025985718, -0.06000165268778801]]"
151,"[[0.4336102604866028, 0.4792982041835785, -0.057135824114084244], [0.443844735622406, 0.5212527513504028, -0.037290144711732864], [0.41818392276763916, 0.5367555618286133, -0.05877493694424629], [0.39611896872520447, 0.5564432144165039, -0.05607457458972931], [0.37350156903266907, 0.534551203250885, -0.05771563947200775]]"
152,"[[0.43182283639907837, 0.4791303277015686, -0.06055046617984772], [0.43990713357925415, 0.522590696811676, -0.040353983640670776], [0.4151930510997772, 0.5384116172790527, -0.06178148463368416], [0.3931275010108948, 0.5578398704528809, -0.0588693842291832], [0.3707897961139679, 0.5347495079040527, -0.05933438986539841]]"
153,"[[0.4295956790447235, 0.47922107577323914, -0.05886252969503403], [0.4397217333316803, 0.5216307044029236, -0.04014350101351738], [0.4144779443740845, 0.5382674336433411, -0.060846880078315735], [0.39308708906173706, 0.5584845542907715, -0.05779894068837166], [0.3706541657447815, 0.5369772911071777, -0.0586773157119751]]"
154,"[[0.42791470885276794, 0.47971922159194946, -0.06090882420539856], [0.43812742829322815, 0.5232143402099609, -0.04194343835115433], [0.41339436173439026, 0.5389602184295654, -0.0620218962430954], [0.3923865556716919, 0.5585973262786865, -0.05934114381670952], [0.37020260095596313, 0.5369773507118225, -0.06007670611143112]]"
155,"[[0.4280296862125397, 0.48001059889793396, -0.06008504331111908], [0.43755096197128296, 0.5226758718490601, -0.04140055179595947], [0.41375789046287537, 0.5382876396179199, -0.06168239936232567], [0.39222484827041626, 0.5587279796600342, -0.05889903008937836], [0.3699508011341095, 0.5394238829612732, -0.059957556426525116]]"
156,"[[0.4262976348400116, 0.4786418676376343, -0.05844522640109062], [0.4362308979034424, 0.5226954817771912, -0.03929882124066353], [0.41211998462677, 0.538195788860321, -0.060596924275159836], [0.39076822996139526, 0.5586312413215637, -0.05825691670179367], [0.3685241937637329, 0.5388025641441345, -0.05889898166060448]]"
157,"[[0.42525026202201843, 0.47850412130355835, -0.06100333109498024], [0.4348068833351135, 0.5217080116271973, -0.04171724244952202], [0.4105466306209564, 0.5386382341384888, -0.06244055554270744], [0.38917869329452515, 0.5587831735610962, -0.05967923253774643], [0.3663061857223511, 0.5363385677337646, -0.06007404252886772]]"
158,"[[0.43530508875846863, 0.4602387547492981, -0.043319497257471085], [0.43308377265930176, 0.5283470153808594, -0.02288242243230343], [0.4064977169036865, 0.5410133600234985, -0.0464215911924839], [0.38601231575012207, 0.5534127950668335, -0.045435644686222076], [0.3647049367427826, 0.5379603505134583, -0.045909199863672256]]"
159,"[[0.4938340187072754, 0.5163685083389282, -0.08409436047077179], [0.4414398968219757, 0.4225780963897705, -0.07136442512273788], [0.3993905186653137, 0.4069552719593048, -0.08288948237895966], [0.3638215959072113, 0.41042280197143555, -0.09113986790180206], [0.32652002573013306, 0.44432035088539124, -0.08655132353305817]]"
160,"[[0.3072391152381897, 0.7774940133094788, -0.07506899535655975], [0.37339672446250916, 0.7126452922821045, -0.05072680860757828], [0.39934849739074707, 0.7112860679626465, -0.043730564415454865], [0.42750000953674316, 0.7209615707397461, -0.038823869079351425], [0.4554622173309326, 0.7525755763053894, -0.03149653226137161]]"
